<?xml version="1.0" encoding="UTF-8"?>
<project-private xmlns="http://www.netbeans.org/ns/project-private/1">
    <editor-bookmarks xmlns="http://www.netbeans.org/ns/editor-bookmarks/2" lastBookmarkId="0"/>
    <open-files xmlns="http://www.netbeans.org/ns/projectui-open-files/2">
        <group>
            <file>file:/C:/xampp/htdocs/app-freight-diary/js/main.js</file>
            <file>file:/C:/xampp/htdocs/app-freight-diary/admin-model.php</file>
            <file>file:/C:/xampp/htdocs/app-freight-diary/load_consignee_housebl_view.php</file>
            <file>file:/C:/xampp/htdocs/app-freight-diary/add_new_consignee_breakdown.php</file>
        </group>
    </open-files>
</project-private>
